Type,Precision (P),Recall (R),Residual Recall (R+),F1,"# of TP","# of FP","# of FN","# of Correspondences",Time,Time (HH:MM:SS)
ALL,0.9903846153846154,0.7984496124031008,0.5098039215686274,0.8841201716738197,103,1,26,105,199734557376,00:03:19
CLASSES,0.9903846153846154,0.7984496124031008,0.5098039215686274,0.8841201716738197,103,1,26,105,-,-
PROPERTIES,0.0,0.0,0.0,0.0,0,0,0,0,-,-
INSTANCES,0.0,0.0,0.0,0.0,0,0,0,0,-,-
