Type,Precision (P),Recall (R),Residual Recall (R+),F1,"# of TP","# of FP","# of FN","# of Correspondences",Time,Time (HH:MM:SS)
ALL,0.9008264462809917,0.8449612403100775,0.6078431372549019,0.8719999999999999,109,12,20,123,496177108477,00:08:16
CLASSES,0.9008264462809917,0.8449612403100775,0.6078431372549019,0.8719999999999999,109,12,20,123,-,-
PROPERTIES,0.0,0.0,0.0,0.0,0,0,0,0,-,-
INSTANCES,0.0,0.0,0.0,0.0,0,0,0,0,-,-
