Type,Precision (P),Recall (R),Residual Recall (R+),F1,"# of TP","# of FP","# of FN","# of Correspondences",Time,Time (HH:MM:SS)
ALL,1.0,0.7984496124031008,0.49019607843137253,0.8879310344827586,103,0,26,77903,253559441005,00:04:13
CLASSES,1.0,0.7984496124031008,0.49019607843137253,0.8879310344827586,103,0,26,103,-,-
PROPERTIES,0.0,0.0,0.0,0.0,0,0,0,0,-,-
INSTANCES,0.0,0.0,0.0,0.0,0,0,0,77800,-,-
